allID,groupID,groupName,Direction,startPosition,endPosition,startPositionContainClip,endPositionContainClip,mappingquality,cigar,editcigar,baseread,mismatch
1,1,NA12891,positive,36060879,36060979,36060879,36060979,60,101M,M:101;F:1,TGTCTGTCCTATTTATTTATGTATGTTGTAATTAAATTTGAAATTTTAAAATGTCCAGTGCAACTTATTTATCCCAATGAGTTGGGGATTCATTTCACTGT,none
2,2,NA12891,positive,36060879,36060979,36060879,36060979,60,101M,M:101;F:1,TGTCTGTCCTATTTATTTATGTATGTTGTAATTAAATTTGAAATTTTAAAATGTCCAGTGCAACTTATTTATCCCAATGAGTTGGGGATTCATTTCACTGT,none
3,3,NA12891,negative,36060880,36060980,36060880,36060980,60,101M,R:1;M:101,GTCTGTCCTATTTATTTATGTATGTTGTAATTAAATTTGAAATTTTAAAATGTCCAGTGCAACTTATTTATCCCAATGAGTTGGGGATTCATTTCACTGTT,none
4,4,NA12891,positive,36060881,36060981,36060881,36060981,60,101M,M:101;F:1,TCTGTCCTATTTATTTATGTATGTTGTAATTAAATTTGAAATTTTAAAATGTCCAGTGCAACTTATTTATCCCAATGAGTTGGGGATTCATTTCACTGTTT,none
5,5,NA12891,positive,36060881,36060981,36060881,36060981,60,101M,M:101;F:1,TCTGTCCTATTTATTTATGTATGTTGTAATTAAATTTGAAATTTTAAAATGTCCAGTGCAACTTATTTATCCCAATGAGTTGGGGATTCATTTCACTGTTT,none
6,6,NA12891,positive,36060884,36060984,36060884,36060984,60,101M,M:101;F:1,GTCCTATTTATTTATGTATGTTGTAATTAAATTTGAAATTTTAAAATGTCCAGTGCAACTTATTTATCCCAATGAGTTGGGGATTCATTTCACTGTTTTCT,none
7,7,NA12891,negative,36060890,36060990,36060890,36060990,60,101M,R:1;M:101,TTTATTTATGTATGTTGTAATTAAATTTGAAATTTTAAAATGTCCAGTGCAACTTATTTATCCCAATGAGTTGGGGATTCATTTCACTGTTTTCTGGCCAT,none
8,8,NA12891,positive,36060892,36060992,36060892,36060992,60,101M,M:101;F:1,TATTTATGTATGTTGTAATTAAATTTGAAATTTTAAAATGTCCAGTGCAACTTATTTATCCCAATGAGTTGGGGATTCATTTCACTGTTTTCTGGCCATAC,none
9,9,NA12891,positive,36060893,36060993,36060893,36060993,60,101M,M:101;F:1,ATTTATGTATGTTGTAATTAAATTTGAAATTTTAAAATGTCCAGTGCAACTTATTTATCCCAATGAGTTGGGGATTCATTTCACTGTTTTCTGGCCATACA,none
10,10,NA12891,positive,36060896,36060996,36060896,36060996,60,101M,M:101;F:1,TATGTATGTTGTAATTAAATTTGAAATTTTAAAATGTCCAGTGCAACTTATTTATCCCAATGAGTTGGGGATTCATTTCACTGTTTTCTGGCCATACACTG,none
11,11,NA12891,negative,36060896,36060996,36060896,36060996,60,101M,R:1;M:101,TATGTATGTTGTAATTAAATTTGAAATTTTAAAATGTCCAGTGCAACTTATTTATCCCAATGAGTTGGGGATTCATTTCACTGTTTTCTGGCCATACACTG,none
12,12,NA12891,positive,36060900,36061000,36060900,36061000,60,101M,M:101;F:1,TATGTTGTAATTAAATTTGAAATTTTAAAATGTCCAGTGCAACTTATTTATCCCAATGAGTTGGGGATTCATTTCACTGTTTTCTGGCCATACACTGATAT,none
13,13,NA12891,positive,36060900,36061000,36060900,36061000,60,101M,M:101;F:1,TATGTTGTAATTAAATTTGAAATTTTAAAATGTCCAGTGCAACTTATTTATCCCAATGAGTTGGGGATTCATTTCACTGTTTTCTGGCCATACACTGATAT,none
14,14,NA12891,negative,36060900,36061000,36060900,36061000,60,101M,R:1;M:101,TATGTTGTAATTAAATTTGAAATTTTAAAATGTCCAGTGCAACTTATTTATCCCAATGAGTTGGGGATTCATTTCACTGTTTTCTGGCCATACACTGATAT,none
15,15,NA12891,positive,36060901,36061001,36060901,36061001,60,101M,M:101;F:1,ATGTTGTAATTAAATTTGAAATTTTAAAATGTCCAGTGCAACTTATTTATCCCAATGAGTTGGGGATTCATTTCACTGTTTTCTGGCCATACACTGATATG,none
16,16,NA12891,positive,36060907,36060982,36060907,36061007,60,76M25S,M:76;S:25;F:1,TAATTAAATTTGAAATTTTAAAATGTCCAGTGCAACTTATTTATCCCAATGAGTTGGGGATTCATTTCACTGTTTTCTGGCCATACACTGATATTTTCAGC,none
17,17,NA12891,positive,36060914,36061009,36060914,36061014,60,96M5S,M:96;S:5;F:1,ATTTGAAATTTTAAAATGTCCAGTGCAACTTATTTATCCCAATGAGCTGGGGATTCATTTCACTGTTTTCTGGCCATACACTGATATGTCCAGCTTGACCA,C:36060960;T:36061009
18,18,NA12891,negative,36060914,36061014,36060914,36061014,60,101M,R:1;M:101,ATTTGAAATTTTAAAATGTCCAGTGCAACTTATTTATCCCAATGAGTTGGGGATTCATTTCACTGTTTTCTGGCCATACACTGATATGTCCAGCTGGACCA,none
19,19,NA12891,positive,36060916,36061016,36060916,36061016,60,101M,M:101;F:1,TTGAAATTTTAAAATGTCCAGTGCAACTTATTTATCCCAATGAGTTGGGGATTCATTTCACTGTTTTCTGGCCATACACTGATATGTCCAGCTGGACCCGG,C:36061014
20,20,NA12891,negative,36060918,36061018,36060918,36061018,60,101M,R:1;M:101,GAAATTTTAAAATGTCCAGTGCACCTTATTTATCCCAATGAGTTGGGGATTCATTTCACTGTTTTCTGGCCATACACTGATATGTCCAGCTGGACCAGGAG,C:36060941
21,21,NA12891,negative,36060918,36061007,36060907,36061007,60,11S90M,R:1;S:11;M:90,TAATTAAAGTTGAAATTTTAAAATGTCCAGTGCAACTTATTTATCCCAATGAGTTGGGGATTCATTTCACTGTTTTCTGGCCATACACTGATATGTCCAGC,none
22,22,NA12891,negative,36060918,36061018,36060918,36061018,60,101M,R:1;M:101,GAAATTTTAAAATGTCCAGTGCAACTTATTTATCCCAATGAGTTGGGGATTCATTTCACTGTTTTCTGGCCATACACTGATATGTCCAGCTGGACCAGGAG,none
23,23,NA12891,negative,36060918,36061018,36060918,36061018,60,101M,R:1;M:101,GAAATTTTAAAATGTCCAGTGCAACTTATTTATCCCAATGAGTTGGGGATTCATTTCACTGTTTTCTGGCCATACACTGATATGTCCAGCTGGACCAGGAG,none
24,24,NA12891,positive,36060919,36061019,36060919,36061019,60,101M,M:101;F:1,AAATTTTAAAATGTCCAGTGCAACTTATTTATCCCAATGAGTTGGGGATTCATTTCACTGTTTTCTGGCCATACACTGATATGTCCAGCTGGACCAGGAGG,none
25,25,NA12891,positive,36060920,36061020,36060920,36061020,60,101M,M:101;F:1,AATTTTAAAATGTCCAGTGCAACTTATTTATCCCAATGAGTTGGGGATTCATTTCACTGTTTTCTGGCCATACACTGATATGTCCAGCTGGACCAGGAGGG,none
26,26,NA12891,positive,36060920,36061020,36060920,36061020,60,101M,M:101;F:1,AATTTTAAAATGTCCAGTGCAACTTATTTATCCCAATGAGTTGGGGATTCATTTCACTGTTTTCTGGCCATACACTGATATGTCCAGCTGGACCAGGAGGG,none
27,27,NA12891,positive,36060921,36061021,36060921,36061021,60,101M,M:101;F:1,ATTTTAAAATGTCCAGTGCAACTTATTTATCCCAATGAGTTGGGGATTCATTTCACTGTTTTCTGGCCATACACTGATATGTCCAGCTGGACCAGGAGGGG,G:36061021
28,28,NA12891,negative,36060921,36061021,36060921,36061021,60,101M,R:1;M:101,ATTTTAAAATGTCCAGTGCAACTTATTTATCCCAATGAGTTGGGGATTCATTTCACTGTTTTCTGGCCATACACTGATATGTCCAGCTGGACCAGGAGGGA,none
29,29,NA12891,positive,36060922,36061022,36060922,36061022,60,101M,M:101;F:1,TTTTAAAATGTCCAGTGCAACTTATTTATCCCAATGAGTTGGGGATTCATTTCACTGTTTTCTGGCCATACACTGATATGTCCAGCTGGACCAGGAGGGAG,none
30,30,NA12891,positive,36060926,36061017,36060926,36061026,60,92M9S,M:92;S:9;F:1,AAAATGTCCAGTGCAACTTATTTATCCCAATGAGTTGGGGATTCATTTCACTGTTTTCTGGCCATACACTGATATGTCCAGCTGGACCAGGAGGGGGAGGG,none
31,31,NA12891,positive,36060929,36061017,36060929,36061029,60,89M12S,M:89;S:12;F:1,ATGTCCAGTGCAACTTATTTATCCCAATGAGTTGGGGATTCATTTCACTGTTTTCTGGCCATACACTGATATGTCCAGCTGGATCAGGAGGGAGAGGGGGT,T:36061012
32,32,NA12891,positive,36060930,36061020,36060930,36061030,60,91M10S,M:91;S:10;F:1,TGTCCAGTGCAACTTATTTATCCCAATGAGTTGGGGATTCATTTCACTGTTTTCTGGCCATACACTGATATGTCCAGCTGGACCAGGAGGGGGGGGGGGTT,none
33,33,NA12891,positive,36060930,36061029,36060930,36061030,60,100M1S,M:100;S:1;F:1,TGTCCAGTGCAACTTATTTATCCCAATGAGTTGGGGATTCATTTCACTGTTTTCTGGCCATACACTGATATGTCCAGCTGGACCAGGAGGGAGAGGGTGGT,G:36061029
34,34,NA12891,negative,36060932,36061026,36060926,36061026,60,6S95M,R:1;S:6;M:95,AAAATGTCCAGTGCAACTTATTTATCCCAATGAGTTGGGGATTCATTTCACTGTTTTCTGGCCATACACTGATATGTCCAGCTGGACCAGGAGGGAGAGGG,none
35,35,NA12891,positive,36060934,36061034,36060934,36061034,60,101M,M:101;F:1,CAGTGCAACTTATTTATCCCAATGAGTTGGGGATTCATTTCACTGTTTTCTGGCCATACACTGATATGTCCAGCTGGACCAGGAGGGAGAGGGTGTTTTTG,none
36,36,NA12891,positive,36060936,36061020,36060936,36061036,60,85M16S,M:85;S:16;F:1,GTGCAACTTATTTATCCCAATGAGTTGGGGATTCATTTCACTGTTTTCTGGCCATACACTGATATGTCCAGCTGGACCAGGAGGGGGGGGGTGGTTTTGCT,none
37,37,NA12891,positive,36060940,36061027,36060940,36061040,60,88M13S,M:88;S:13;F:1,AACTTATTTATCCCAATGAGTTGGGGATTCATTTCACTGTTTTCTGGCCATACACTGATATGTCCAGCTGGACCAGGAGGGAGAGGGGGGTTTTGCTGGCA,G:36061027
38,38,NA12891,negative,36060942,36061042,36060942,36061042,60,101M,R:1;M:101,CTTATTTATCCCAATGAGTTGGGGATTCATTTCACTGTTTTCTGGCCATACACTGATATGTCCAGCTGGACCAGGAGGGAGAGGGTGTTTTTGCTGGCAAA,none
39,39,NA12891,negative,36060943,36061037,36060937,36061037,60,6S95M,R:1;S:6;M:95,TGCAACTTATTTATCCCAATGAGTTGGGGATTCATTTCACTGTTTTCTGGCCATACACTGATATGTCCAGCTGGACCAGGAGGGAGAGGGTGTTTTTGCTG,none
40,40,NA12891,positive,36060944,36061044,36060944,36061044,60,101M,M:101;F:1,TATTTATCCCAATGAGTTGGGGATTCATTTCACTGTTTTCTGGCCATACACTGATATGTCCAGCTGGACCAGGAGGGAGAGGGTGGTTTTGCTGGCAAAGG,G:36061029
41,41,NA12891,positive,36060945,36061025,36060945,36061045,60,81M20S,M:81;S:20;F:1,ATTTATCCCAATGAGTTGGGGATTCATTTCACTGTTTTCTGGCCATACACTGATATGTCCAGCTGGACCAGGAGGGAGAGGGGGGTTTTGCTGGCAAAGGG,none
42,42,NA12891,positive,36060947,36060981,36060947,36061047,60,35M66S,M:35;S:66;F:1,TTATCACAATGAGTTGGGGATTCATTTCACTGTTTTCTTGACATAGACTCATTCGTCCGCCAGGACCAGGAAGGAGTGGGGTCTTTTGTTCGCAAAGGGCT,A:36060952
43,43,NA12891,negative,36060948,36060982,36060882,36060982,60,66S35M,R:1;S:66;M:35,CTGTCCTATTTATTTATGTATGTTGTAATTAAATTTGAAATTTTAAAATGTCCAGTGCAACTTATTTATCCCAATGAGTTGGGGATTCATTTCACTGTTTT,none
44,44,NA12891,positive,36060950,36061040,36060950,36061050,60,91M10S,M:91;S:10;F:1,TCCCAATGAGTTGGGGATTCATTTCACTGTTTTCTGGCCATACACTGATATGTCCAGCTGGACCAGGAGGGAGAGGGAGTTTTTGCTGGCAAAGGGCTGTG,A:36061027
45,45,NA12891,positive,36060951,36061051,36060951,36061051,60,101M,M:101;F:1,CCCAATGAGTTGGGGATTCATTTCACTGTTTTCTGGCCATACACTGATATGTCCAGCTGGACCAGGAGGGAGAGGGGGTTTTTGCTGGCAAAGGGCTGTGG,G:36061027
46,46,NA12891,negative,36060951,36061051,36060951,36061051,60,101M,R:1;M:101,CCCAATGAGTTGGGGATTCATTTCACTGTTTTCTGGCCATACACTGATATGTCCAGCTGGACCAGGAGGGAGAGGGTGTTTTTGCTGGCAAAGGGCTGTGG,none
47,47,NA12891,positive,36060954,36060988,36060954,36061054,60,35M66S,M:35;S:66;F:1,AATGGGGTGGGGATTCATTTCACTGTTTTCTGGCCATACACTGATATGTCCAGCCGGACCAGGGGGGGGGGGGTGGTTTTGGTGGTGAAGGGCTGGGGGGG,G:36060958;G:36060960
48,48,NA12891,negative,36060957,36061057,36060957,36061057,60,101M,R:1;M:101,GAGTTGGGGATTCATTTCACTGTTTTCTGGCCATACACTGATATGTCCAGCTGGACCAGGAGGGAGAGGGTGTTTTTGCTGGCAAAGGGCTGTGGGTGGGT,none
49,49,NA12891,positive,36060958,36061057,36060958,36061058,60,100M1S,M:100;S:1;F:1,AGTTGGGGATTCATTTCACTGTTTTCTGGCCATACACTGATATGTCCAGCTGGACCAGGAGGGAGAGGGTGTTTTTGCTGGCAAAGGGCTGTGGGTGGGTT,none
50,50,NA12891,positive,36060959,36061024,36060959,36061059,60,66M35S,M:66;S:35;F:1,GTTGGGGATTCATTTCACTGTTTTCTGGCCATACACTGATATGTCCAGCTGGACCAGGAGGGAGAGGGAGTTTTTGCTGGCAAAGGGCTGTGGGTGGGGTG,none
51,51,NA12891,positive,36060961,36061026,36060961,36061061,60,66M35S,M:66;S:35;F:1,TGGGGATTCATTTCACTGTTTTCTGGCCATACACTGATATGTCCAGCTGGACCAGGAGGGAGAGGGTGGTTTTGCTGGCAAAGGGCTGTGGGGGGGGTGGG,none
52,52,NA12891,negative,36060961,36061053,36060953,36061053,60,8S93M,R:1;S:8;M:93,CAATGAGTTGGGGATTCATTTCACTGTTTTCTGGCCATACACTGATATGTCCAGCTGGACCAGGAGGGAGAGGGTGTTTTTGCTGGCAAAGGGCTGTGGGT,none
53,53,NA12891,positive,36060963,36061023,36060963,36061063,60,61M40S,M:61;S:40;F:1,GGGATTCATTTCACTGTTTTCTGGCCATACACTGATATGTCCAGCTGGACCAGGAGGGAGAGGGTGTTTTTGCTGGCAAAGGGCTGTGGGTGGGTTGGGAG,none
54,54,NA12891,negative,36060964,36061058,36060958,36061058,60,6S95M,R:1;S:6;M:95,GGTGGGGGATTCATTTCACTGTTTTCTGGCCATACACTGATATGTCCAGCTGGACCAGGAGGGAGAGGGTGTTTTTGCTGGCAAAGGGCTGTGGGTGGGTT,none
55,55,NA12891,positive,36060966,36061061,36060966,36061066,60,96M5S,M:96;S:5;F:1,ATTCATTTCACTGTTTTCTGGCCATACACTGATATGTCCAGCTGGACCAGGAGGGAGAGGGGGTTTTTGCTGGCAAAGGGCTGTGGGTGGGTTGGGGGGGA,G:36061027
56,56,NA12891,positive,36060970,36061070,36060970,36061070,60,101M,M:101;F:1,ATTTCACTGTTTTCTGGCCATACACTGATATGTCCAGCTGGACCAGGAGGGAGAGGGTGTTTTTGCTGGCAAAGGGCTGTGGGTGGGTTGGGAGGGAAGAA,none
57,57,NA12891,positive,36060973,36061073,36060973,36061073,60,101M,M:101;F:1,TCACTGTTTTCTGGCCATACACTGATATGTCCAGCTGGACCAGGAGGGAGAGGGTGTTTTTGCTGGCAAAGGGCTGTGGGTGGGTTGGGAGGGAAGAAAGG,none
58,58,NA12891,negative,36060974,36061063,36060963,36061063,60,11S90M,R:1;S:11;M:90,GGGATTCATTTCACTGTTTTCTGGCCATACACTGATATGTCCAGCTGGACCAGGAGGGAGAGGGTGTTTTTGCTGGCAAAGGGCTGTGGGTGGGTTGGGAG,none
59,59,NA12891,positive,36060977,36061011,36060977,36061077,60,35M66S,M:35;S:66;F:1,TGTTTTCTGGCCATACACTGATATGTCCAGCTGGACCAGGAGGGAGAGGGCGTTTTTGCTGGCAAAGGGCTGTGGGTGGGTTGGGCGGGAAGAGAGGTGTG,none
60,60,NA12891,positive,36060977,36061066,36060977,36061077,60,90M11S,M:90;S:11;F:1,TGTTTTCTGGCCATACACTGATATGTCCAGCTGGACCAGGAGGGAGAGGGTGTTTTTGCTGGCAAAGGGCTGTGGGTGGGTTGGGAGGGAAGAAAGGGGTG,none
61,61,NA12891,positive,36060977,36061008,36060977,36061077,17,32M69S,M:32;S:69;F:1,TGTTTTCTGGCCATACACTGATATGCCTAGCTCTGGCAGTAGGGAGGGGGTGTTTTTACTGGCAAAGGGCTGTGGGTGGGTTGGGAGGGAAGATAGGGGTG,C:36061002;T:36061004
62,1,NA12892,positive,36060878,36060978,36060878,36060978,60,101M,M:101;F:1,CTGTCTGTCCTATTTATTTATGTATGTTGTAATTAAATTTGAAATTTTAAAATGTCCAGTGCAACTTATTTATCCCAATGAGTTGGGGATTCATTTCACTG,none
63,2,NA12892,negative,36060885,36060985,36060885,36060985,60,101M,R:1;M:101,TCCTATTTATTTATGTATGTTGTAATTAAATTTGAAATTTTAAAATGTCCAGTGCAACTTATTTATCCCAATGAGTTGGGGATTCATTTCACTGTTTTCTG,none
64,3,NA12892,positive,36060888,36060988,36060888,36060988,60,101M,M:101;F:1,TATTTATTTATGTATGTTGTAATTAAATTTGAAATTTTAAAATGTCCAGTGCAACTTATTTATCCCAATGAGTTGGGGATTCATTTCACTGTTTTCTGGCC,none
65,4,NA12892,negative,36060892,36060992,36060892,36060992,60,101M,R:1;M:101,TATTTATGTATGTTGTAATTAAATTTGAAATTTTAAAATGTCCAGTGCAACTTATTTATCCCAATGAGTTGGGGATTCATTTCACTGTTTTCTGGCCATAC,none
66,5,NA12892,negative,36060892,36060992,36060892,36060992,60,101M,R:1;M:101,TATTTATGTATGTTGTAATTAAATTTGAAATTTTAAAATGTCCAGTGCAACTTATTTATCCCAATGAGTTGGGGATTCATTTCACTGTTTTCTGGCCATAC,none
67,6,NA12892,negative,36060892,36060992,36060892,36060992,60,101M,R:1;M:101,TATTTATGTATGTTGTAATTAAATTTGAAATTTTAAAATGTCCAGTGCAACTTATTTATCCCAATGAGTTGGGGATTCATTTCACTGTTTTCTGGCCATAC,none
68,7,NA12892,positive,36060893,36060993,36060893,36060993,60,101M,M:101;F:1,ATTTATGTATGTTGTAATTAAATTTGAAATTTTAAAATGTCCAGTGCAACTTATTTATCCCAATGAGTTGGGGATTCATTTCACTGTTTTCTGGCCATACA,none
69,8,NA12892,negative,36060893,36060993,36060893,36060993,60,101M,R:1;M:101,ATTTATGTATGTTGTAATTAAATTTGAAATTTTAAAATGTCCAGTGCAACTTATTTATCCCAATGAGTTGGGGATTCATTTCACTGTTTTCTGGCCATACA,none
70,9,NA12892,negative,36060894,36060994,36060894,36060994,60,101M,R:1;M:101,TTTATGTATGTTGTAATTAAATTTGAAATTTTAAAATGTCCAGTGCAACTTATTTATCCCAATGAGTTGGGGATTCATTTCACTGTTTTCTGGCCATACAC,none
71,10,NA12892,positive,36060895,36060995,36060895,36060995,60,101M,M:101;F:1,TTATGTATGTTGTAATTAAATTTGAAATTTTAAAATGTCCAGTGCAACTTATTTATCCCAATGAGTTGGGGATTCATTTCACTGTTTTCTGGCCATACACT,none
72,11,NA12892,positive,36060895,36060995,36060895,36060995,60,101M,M:101;F:1,TTATGTATGTTGTAATTAAATTTGAAATTTTAAAATGTCCAGTGCAACTTATTTATCCCAATGAGTTGGGGATTCATTTCACTGTTTTCTGGCCATACACT,none
73,12,NA12892,positive,36060897,36060997,36060897,36060997,29,101M,M:101;F:1,ATGTATGTTGTAATTAAATTTGAAATTTTAAAATGTCCAGTGCAACTTATTTATCCCAATGAGTTGGGGATTCATTTCACTGTTTTCTGGCCATACACTGA,none
74,13,NA12892,positive,36060899,36060999,36060899,36060999,60,101M,M:101;F:1,GTATGTTGTAATTAAATTTGAAATTTTAAAATGTCCAGTGCAACTTATTTATCCCAATGAGTTGGGGATTCATTTCACTGTTTTCTGGCCATACACTGATA,none
75,14,NA12892,positive,36060900,36061000,36060900,36061000,60,101M,M:101;F:1,TATGTTGTAATTAAATTTGAAATTTTAAAATGTCCAGTGCAACTTATTTATCCCAATGAGTTGGGGATTCATTTCACTGTTTTCTGGCCATACACTGATAT,none
76,15,NA12892,negative,36060901,36061001,36060901,36061001,60,101M,R:1;M:101,ATGTTGTAATTAAATTTGAAATTTTAAAATGTCCAGTGCAACTTATTTATCCCAATGAGTTGGGGATTCATTTCACTGTTTTCTGGCCATACACTGATATG,none
77,16,NA12892,negative,36060904,36061004,36060904,36061004,60,101M,R:1;M:101,TTGTAATTAAATTTGAAATTTTAAAATGTCCAGTGCAACTTATTTATCCCAATGAGTTGGGGATTCATTTCACTGTTTTCTGGCCATACACTGATATGTCC,none
78,17,NA12892,negative,36060906,36061006,36060906,36061006,60,101M,R:1;M:101,GTAATTAAATTTGAAATTTTAAAATGTCCAGTGCAACTTATTTATCCCAATGAGTTGGGGATTCATTTCACTGTTTTCTGGCCATACACTGATATGTCCAG,none
79,18,NA12892,negative,36060909,36061009,36060909,36061009,60,101M,R:1;M:101,ATTAAATTTGAAATTTTAAAATGTCCAGTGCAACTTATTTATCCCAATGAGTTGGGGATTCATTTCACTGTTTTCTGGCCATACACTGATATGTCCAGCTG,none
80,19,NA12892,positive,36060910,36061010,36060910,36061010,60,101M,M:101;F:1,TTAAATTTGAAATTTTAAAATGTCCAGTGCAACTTATTTATCCCAATGAGTTGGGGATTCATTTCACTGTTTTCTGGCCATACACTGATATGTCCAGCTGG,none
81,20,NA12892,positive,36060910,36061010,36060910,36061010,60,101M,M:101;F:1,TTAAATTTGAAATTTTAAAATGTCCAGTGCAACTTATTTATCCCAATGAGTTGGGGATTCATTTCACTGTTTTCTGGCCATACACTGATATGTCCAGCTGG,none
82,21,NA12892,positive,36060913,36061013,36060913,36061013,60,101M,M:101;F:1,AATTTGAAATTTTAAAATGTCCAGTGCAACTTATTTATCCCAATGAGTTGGGGATTCATTTCACTGTTTTCTGGCCATACACTGATATGTCCAGCTGGACC,none
83,22,NA12892,positive,36060917,36061017,36060917,36061017,60,101M,M:101;F:1,TGAAATTTTAAAATGTCCAGTGCAACTTATTTATCCCAATGAGTTGGGGATTCATTTCACTGTTTTCTGGCCATACACTGATATGTCCAGCTGGACCAGGA,none
84,23,NA12892,negative,36060917,36061017,36060917,36061017,60,101M,R:1;M:101,TGAAATTATAAAATGTCCAGGGAAACTTATTTATCCCAATGAGTTGGGGATTCATTTCACTGTTTTCTGGCCATACACTGATATGTCCAGCTGGACCAGGA,A:36060924;G:36060937;A:36060939
85,24,NA12892,negative,36060918,36061018,36060918,36061018,60,101M,R:1;M:101,GAAATTTTAAAATGTCCAGTGCAACTTATTTATCCCAATGAGTTGGGGATTCATTTCACTGTTTTCTGGCCATACACTGATGTGTCCAGCTGGACCAGGAG,G:36060999
86,25,NA12892,negative,36060923,36061023,36060923,36061023,60,101M,R:1;M:101,TTTAAAATGTCCGGTGCAACTTATTTATCCCAATGAGTTGGGGATTCATTTCACTGTTTTCTGGCCATACACTGATATGTCCAGCTGGACCAGGAGGGAGA,G:36060935
87,26,NA12892,positive,36060924,36061024,36060924,36061024,60,101M,M:101;F:1,TTAAAATGTCCAGTGCAACTTATTTATCCCAATGAGTTGGGGATTCATTTCACTGTTTTCTGGCCATACACTGATATGTCCAGCTGGACCAGGAGGGAGAG,none
88,27,NA12892,positive,36060925,36061025,36060925,36061025,60,101M,M:101;F:1,TAAAATGTCCAGTGCAACTTATTTATCCCAATGAGTTGGGGATTCATTTCACTGTTTTCTGGCCATACACTGATATGTCCAGCTGGACCAGGAGGGAGAGG,none
89,28,NA12892,positive,36060927,36061027,36060927,36061027,60,101M,M:101;F:1,AAATGTCCAGTGCAACTTATTTATCCCAATGAGTTGGGGATTCATTTCACTGTTTTCTGGCCATACACTGATATGTCCAGCTGGACCAGGAGGGAGAGGGG,G:36061027
90,29,NA12892,negative,36060927,36061027,36060927,36061027,60,101M,R:1;M:101,AAATGTCCAGTGCAACTTATTTATCCCAATGAGTTGGGGATTCATTTCACTGTTTTCTGGCCATACACTGATATGTCCAGCTGGACCAGGAGGGAGAGGGT,none
91,30,NA12892,positive,36060933,36061026,36060933,36061033,60,94M7S,M:94;S:7;F:1,CCAGTGCAACTTATTTATCCCAATGAGTTGGGGATTCATTTCACTGTTTTCTGGCCATACACTGATATGTCCAGCTGGACCAGGAGGGAGAGGGGGTTTTT,none
92,31,NA12892,negative,36060933,36061033,36060933,36061033,60,101M,R:1;M:101,CCAGTGCAACTTATTTATCCCAATGAGTTGGGGATTCATTTCACTGTTTTCTGGCCATACACTGATATGTCCAGCTGGACCAGGAGGGAGAGGGTGTTTTT,none
93,32,NA12892,positive,36060936,36061036,36060936,36061036,60,101M,M:101;F:1,GTGCAACTTATTTATCCCAATGAGTTGGGGATTCATTTCACTGTTTTCTGGCCATACACTGATATGTCCAGCTGGACCAGGAGGGAGAGGGTGTTTTTGCT,none
94,33,NA12892,positive,36060936,36061036,36060936,36061036,60,101M,M:101;F:1,GTGCAACTTATTTATCCCAATGAGTTGGGGATTCATTTCACTGTTTTCTGGCCATACACTGATATGTCCAGCTGGACCAGGAGGGAGAGGGTGTTTTTGCT,none
95,34,NA12892,positive,36060938,36061038,36060938,36061038,60,101M,M:101;F:1,GCAACTTATTTATCCCAATGAGTTGGGGATTCATTTCACTGTTTTCTGGCCATACACTGATATGTCCAGCTGGACCAGGAGGGAGAGGGTGTTTTTGCTGG,none
96,35,NA12892,positive,36060938,36061038,36060938,36061038,60,101M,M:101;F:1,GCAACTTATTTATCCCAATGAGTTGGGGATTCATTTCACTGTTTTCTGGCCATACACTGATATGTCCAGCTGGACCAGGAGGGAGAGGGTGTTTTTGCTGG,none
97,36,NA12892,positive,36060939,36061014,36060939,36061039,60,76M25S,M:76;S:25;F:1,CAACTTATTTATCCCAATGAGTTGGGGATTCATTTCACTGTTTTCTGGCCATACACTGATATGTCCAGCTGGACCAGGCGGGCGAGGGCGTTTTTTCTGGC,none
98,37,NA12892,positive,36060943,36061043,36060943,36061043,60,101M,M:101;F:1,TTATTTATCCCAATGAGTTGGGGATTCATTTCACTGTTTTCTGGCCATACACTGATATGTCCAGCTGGACCAGGAGGGAGAGGGTGTTTTTGCTGGCAAAG,none
99,38,NA12892,positive,36060944,36061029,36060944,36061044,60,86M15S,M:86;S:15;F:1,TATTTATCCCAATGAGTTGGGGATTCATTTCACTGTTTTCTGGCCATACACTGATATGTCCAGCTGGACCAGGAGGGAGAGGGTGTTTTTGCTGGCAAAGG,none
100,39,NA12892,positive,36060944,36061044,36060944,36061044,60,101M,M:101;F:1,TATTTATCCCAATGAGTTGGGGATTCATTTCACTGTTTTCTGGCCATACACTGATATGTCCAGCTGGACCAGGAGGGAGAGGGGGTTTTTGCTGGCAAAGG,G:36061027
101,40,NA12892,negative,36060945,36061027,36060927,36061027,60,18S83M,R:1;S:18;M:83,AAATGTCCATGACAACTTATTTATCCCAATGAGTTGGGGATTCATTTCACTGTTTTCTGGCCATACACTGATATGTCCAGCTGGACCAGGAGGGAGAGGGT,none
102,41,NA12892,positive,36060946,36061046,36060946,36061046,60,101M,M:101;F:1,TTTATCCCAATGAGTTGGGGATTCATTTCACTGTTTTCTGGCCATACACTGATATGTCCAGCTGGACCAGGAGGGAGAGGGTGTTTTTGCTGGCAAAGGGC,none
103,42,NA12892,positive,36060946,36061021,36060946,36061046,60,76M25S,M:76;S:25;F:1,TTTATCCCAATGAGTTGGGGATTCATTTCACTGTTTTCTGGCCATACACTGATATGTCCAGCTGGACCAGGAGGGAGAGGGGGTTTTTGCTGGCAAAGGGC,none
104,43,NA12892,negative,36060946,36061045,36060945,36061045,60,1S100M,R:1;S:1;M:100,ATTTATCCCAATGAGTTGGGGATTCATTTCACTGTTTTCTGGCCATACACTGATATGTCCAGCTGGACCAGGAGGGAGAGGGTGTTTTTGCTGGCAAAGGG,none
105,44,NA12892,negative,36060947,36060986,36060886,36060986,37,61S40M,R:1;S:61;M:40,TCGATTTATTTGTCTACTGTGTCATGTAATTGAGAATTTTAACATGTCCAGTGCACCTTATTTATCCCAATGAGTTGGGGATTCATTTCACTGTTTTCTGG,none
106,45,NA12892,positive,36060948,36061048,36060948,36061048,60,101M,M:101;F:1,TATCCCAATGAGTTGGGGATTCATTTCACTGTTTTCTGGCCATACACTGATATGTCCAGCTGGACCAGGAGGGAGAGGGTGTTTTTGCTGCCAAAGGGCTG,C:36061038
107,46,NA12892,negative,36060948,36061028,36060928,36061028,60,20S81M,R:1;S:20;M:81,AATTTCCAGTGCAACTTATTTATCCCAATGAGTTGGGGATTCATTTCGTTGTTTTCTGGCCATACTCTGATATGTCCAGCTGGACTAGGAGGGAGAGGGTG,G:36060975;T:36060976;T:36060993;T:36061013
108,47,NA12892,negative,36060948,36061048,36060948,36061048,60,101M,R:1;M:101,TATCCCAATGAGTTGGGGATTCATTTCACTGTTTTCTGGCCATACACTGATATGTCCAGCTGGACCAGGAGGGAGAGGGTGTTTTTGCTGGCAAAGGGCTG,none
109,48,NA12892,positive,36060949,36061019,36060949,36061049,60,71M30S,M:71;S:30;F:1,ATCCCAATGAGTTGGGGATTCATTTCACTGTTTTCTGGCCATACACTGATATGTCCAGCTGGACCAGGAGGGAGAGGGCGGTTTTGCTGGCCAAGGGGTGT,none
110,49,NA12892,positive,36060949,36061045,36060949,36061049,60,97M4S,M:97;S:4;F:1,ATCCCAATGAGTTGGGGATTCATTTCACTGTTTTCTGGCCATACACTGATATGTCCAGCTGGACCAGGAGGGAGAGGGTGTTTTTGCTGGCAAAGGGCTGG,none
111,50,NA12892,positive,36060949,36061034,36060949,36061049,60,86M15S,M:86;S:15;F:1,ATCCCAATGAGTTGGGGATTCATTTCACTGTTTTCTGGCCATACACTGATATGTCCAGCTGGACCAGGAGGGAGAGGGGGTTTTTGGTGGCAAAGGGCTGT,G:36061027
112,51,NA12892,positive,36060951,36061051,36060951,36061051,60,101M,M:101;F:1,CCCAATGAGTTGGGGATTCATTTCACTGTTTTCTGGCCATACACTGATATGTCCAGCTGGACCAGGAGGGGGAGGGCGTTTTTGCTGGCAAAGGGCTGTGG,G:36061021;C:36061027
113,52,NA12892,positive,36060954,36061044,36060954,36061054,60,91M10S,M:91;S:10;F:1,AATGAGTTGGGGATTCATTTCACTGTTTTCTGGCCATACACTGATATGTCCAGCTGGACCAGGAGGGAGAGGGTGTTTTTGCTGGCAAAGGGCTGTGGGTG,none
114,53,NA12892,positive,36060954,36060994,36060954,36061054,60,41M60S,M:41;S:60;F:1,AATGAGTTGGGGATTCATTTCACTGTTTTCTGGCCATACACTGATATGTCCAGCTGGACCAGGAGGGTGTGGGTGTTTATTCTGGCTATGGGCTGGGGGGG,none
115,54,NA12892,negative,36060956,36061056,36060956,36061056,60,101M,R:1;M:101,TGAGTTGGGGATTCATTTCACTGTTTTCTGGCCATACACTGATATGTCCAGCTGGACCAGGAGGGAGAGGGTGTTTTTGCTGGCAAAGGGCTGTGGGTGGG,none
116,55,NA12892,positive,36060958,36061039,36060958,36061058,60,82M19S,M:82;S:19;F:1,AGTTGGGGATTCATTTCACTGTTTTCTGGCCATACACTGATATGTCCAGCTGGACCAGGAGGGAGAGGGGGATTTTGCTGGCAAAGGGCTGTGGGTGGGCT,G:36061027;A:36061029
117,56,NA12892,positive,36060958,36061055,36060958,36061058,60,98M3S,M:98;S:3;F:1,AGTTGGGGATTCATTTCACTGTTTTCTGGCCATACACTGATATGTCCAGCTGGACCAGGAGGGAGAGGGTGTTTTTGCTGGCAAAGGGCTGTGGGTGGGTT,none
118,57,NA12892,negative,36060961,36061056,36060956,36061056,60,5S96M,R:1;S:5;M:96,TGAGTGGGGGATTCATTTCACTGTTTTCTGGCCATACACTGATATGTCCAGCTGGACCAGGAGGGAGAGGGTGTTTTTGCTGGCAAAGGGCTGTGGGTGGG,G:36060961
119,58,NA12892,positive,36060966,36061066,36060966,36061066,60,101M,M:101;F:1,ATTCATTTCACTGTTTTCTGGCCATACACTGATATGTCCAGCTGGACCAGGAGGGAGAGGGTGTTTTTGCTGGCAAAGGGCTGTGGGTGGGTTGGGAGGGA,none
120,59,NA12892,negative,36060966,36061031,36060931,36061031,29,35S66M,R:1;S:35;M:66,GTCCAGTGCCACTTATTTATCCCAATGAGTTGGTGCTTCATTTCACTGTTTTCTGGCCATACACTGATATGTCCAGCTGGACCAGGAGGGAGAGGTTGTTT,C:36060966;T:36061026
121,60,NA12892,positive,36060967,36061051,36060967,36061067,60,85M16S,M:85;S:16;F:1,TTCATTTCACTGTTTTCTGGCCATACACTGATATGTCCAGCTGGACCAGGAGGGAGAGGGTGTTTTTGCTGGCAAAGGGCTGTGGGTGGGTTGGGAGGGGA,none
122,61,NA12892,negative,36060967,36061067,36060967,36061067,60,101M,R:1;M:101,TTCATTTCACTGTTTTCTGGCCATACACTGATATGTCCAGCTGGACCAGGAGGGAGAGGGTGTTTTTGCTGGCAAAGGGCTGTGGGTGGGTTGGGAGGGAA,none
123,62,NA12892,negative,36060971,36061071,36060971,36061071,60,101M,R:1;M:101,TTTCACTGTTTTCTGGCCATACACTGATATGTCCAGCTGGACCAGGAGGGAGAGGGTGTTTTTGCTGGCAAAGGGCTGTGGGTGGGTTGGGAGGGAAGAAA,none
124,63,NA12892,negative,36060971,36061060,36060960,36061060,60,11S90M,R:1;S:11;M:90,TTGAGAATTCATTTCACTGTTTTCTGGCCATACACTGATATGTCCAGCTGGACCAGGAGGGAGAGGGTGTTTTTGCTGGCAAAGGGCTGTGGGTGGGTTGG,none
125,64,NA12892,negative,36060971,36061039,36060939,36061039,60,32S69M,R:1;S:32;M:69,CGATTTATTTATCCAAATAGGTGAGGAATTCATTTCACTGTTTTCTGGCCATACACTGATATGTCCAGCTGGACCAGGAGGGAGAGGGTGTTTTTGCTGGC,none
126,65,NA12892,positive,36060976,36061052,36060976,36061076,60,77M24S,M:77;S:24;F:1,CTGTTTTCTGGCCATACACTGATATGTCCAGCTGGACCAGGAGGGAGAGGGTGTTTTTGCTGGCAAAGGGCTGTGGGCGGGTTGGGAGGGAAGAACGGGGG,none
127,66,NA12892,positive,36060977,36061056,36060977,36061077,60,80M21S,M:80;S:21;F:1,TGTTTTCTGGCCATACACTGATATGTCCAGCTGGACCAGGAGGGAGAGGGTGTTTTTGCTGGCAAAGGGCTGTGGGTGGGTTGGGAGGGAAGAAAGGTGTG,none
128,67,NA12892,negative,36060977,36061066,36060966,36061066,60,11S90M,R:1;S:11;M:90,GTTCATTTCACTGTTTTCTGGCCATACACTGATATGTCCAGCTGGACCAGGAGGGAGAGGGTGTTTTTGCTGGCAAAGGGCTGTGGGTGGGTTGGGAGGGA,none
129,68,NA12892,positive,36060978,36061066,36060978,36061078,60,89M12S,M:89;S:12;F:1,GTTTTCTGGCCATACACTGATATGTCCAGCTGGACCAGGCGGGAGAGGGGGTTTTTGCTGGCAAAGGGCTGTGGGTGGGTTGGGAGGGAGGAAAGGGGTGT,C:36061017;G:36061027
130,69,NA12892,negative,36060978,36061056,36060956,36061056,60,22S79M,R:1;S:22;M:79,TGAGTGGGGGATTCATTTCACTGTGTTCTGGCCATACACTGATATGTCCAGCTGGACCAGGAGGGAGAGGGTGTTTTTGCTGGCAAAGGGCTGTGGGTGGG,G:36060980
131,1,NA12878,positive,36060878,36060978,36060878,36060978,60,101M,M:101;F:1,CTGTCTGTCCTATTTATTTATGTATGTTGTAATTAAATTTGAAATTTTAAAATGTCCAGTGCAACTTATTTATCCCAATGAGTTGGGGATTCATTTCACTG,none
132,2,NA12878,positive,36060879,36060979,36060879,36060979,60,101M,M:101;F:1,TGTCTGTCCTATTTATTTATGTATGTTGTAATTAAATTTGAAATTTTAAAATGTCCAGTGCAACTTATTTATCCCAATGAGTTGGGGATTCATTTCACTGT,none
133,3,NA12878,positive,36060881,36060981,36060881,36060981,60,101M,M:101;F:1,TCTGTCCTATTTATTTATGTATGTTGTAATTAAATTTGAAATTTTAAAATGTCCAGTGCAACTTATTTATCCCAATGAGTTGGGGATTCATTTCACTGTTT,none
134,4,NA12878,positive,36060882,36060983,36060882,36060983,70,97M1D4M,M:97;D:1;M:4;F:1,CTGTCCTATTTATTTATGTATGTTGTAATTAAATTTGAAATTTTAAAATGTCCAGTGCAACTTATTTATCCCAATGAGTTGGGGATTCATTTCACTGTTTC,none
135,5,NA12878,negative,36060882,36060982,36060882,36060982,60,101M,R:1;M:101,CTGTCCTATTTATTTATGTATGTTGTAATTAAATTTGAAATTTTAAAATGTCCAGTGCAACTTATTTATCCCAATGAGTTGGGGATTCATTTCACTGTTTT,none
136,6,NA12878,positive,36060883,36060983,36060883,36060983,60,101M,M:101;F:1,TGTCCTATTTATTTATGTATGTTGTAATTAAATTTGAAATTTTAAAATGTCCAGTGCAACTTATTTATCCCAATGAGTTGGGGATTCATTTCACTGTTTTC,none
137,7,NA12878,negative,36060886,36060986,36060886,36060986,60,101M,R:1;M:101,CCTATTTATTTATGTATGTTGTAATTAAATTTGAAATTTTAAAATGTCCAGTGCAACTTATTTATCCCAATGAGTTGGGGATTCATTTCACTGTTTTCTGG,none
138,8,NA12878,negative,36060886,36060986,36060886,36060986,60,101M,R:1;M:101,CCTATTTATTTATGTATGTTGTAATTAAATTTGAAATTTTAAAATGTCCAGTGCAACTTATTTATCCCAATGAGTTGGGGATTCATTTCACTGTTTTCTGG,none
139,9,NA12878,negative,36060889,36060989,36060889,36060989,29,101M,R:1;M:101,ATTTATTTATGTATGTTGTAATTAAATTTGAAATTTTAAAATGTCCAGTGCAACTTATTTATCCCAATGAGTTGGGGATTCATTTCACTGTTTTCTGGCCA,none
140,10,NA12878,positive,36060895,36060995,36060895,36060995,60,101M,M:101;F:1,TTATGTATGTTGTAATTAAATTTGAAATTTTAAAATGTCCAGTGCAACTTATTTATCCCAATGAGTTGGGGATTCATTTCACTGTTTTCTGGCCATACACT,none
141,11,NA12878,negative,36060896,36060996,36060896,36060996,60,101M,R:1;M:101,TATGTATGTTGTAATTAAATTTGAAATTTTAAAATGTCCAGTGCAACTTATTTATCCCAATGAGTTGGGGATTCATTTCACTGTTTTCTGGCCATACACTG,none
142,12,NA12878,positive,36060897,36060997,36060897,36060997,60,101M,M:101;F:1,ATGTATGTTGTAATTAAATTTGAAATTTTAAAATGTCCAGTGCAACTTATTTATCCCAATGAGTTGGGGATTCATTTCACTGTTTTCTGGCCATACACTGA,none
143,13,NA12878,negative,36060897,36060998,36060897,36060998,60,82M1D19M,R:1;M:82;D:1;M:19,ATGTATGTTGTAATTAAATTTGAAATTTTAAAATGTCCAGTGCAACTTATTTATCCCAATGAGTTGGGGATTCATTTCACTGTTTCTGGCCATACACTGAT,none
144,14,NA12878,negative,36060899,36061000,36060899,36061000,60,80M1D21M,R:1;M:80;D:1;M:21,GTATGTTGTAATTAAATTTGAAATTTTAAAATGTCCAGTGCAACTTATTTATCCCAATGAGTTGGGGATTCATTTCACTGTTTCTGGCCATACACTGATAT,none
145,15,NA12878,negative,36060899,36061000,36060899,36061000,60,80M1D21M,R:1;M:80;D:1;M:21,GTATGTTGTAATTAAATTTGAAATTTTAAAATGTCCAGTGCAACTTATTTATCCCAATGAGTTGGGGATTCATTTCACTGTTTCTGGCCATACACTGATAT,none
146,16,NA12878,positive,36060901,36061002,36060901,36061002,60,78M1D23M,M:78;D:1;M:23;F:1,ATGTTGTAATTAAATTTGAAATTTTAAAATGTCCAGTGCAACTTATTTATCCCAATGAGTTGGGGATTCATTTCACTGTTTCTGGCCATACACTGATATGT,none
147,17,NA12878,negative,36060901,36061002,36060901,36061002,60,78M1D23M,R:1;M:78;D:1;M:23,ATGTTGTAATTAAATTTGAAATTTTAAAATGTCCAGTGCAACTTATTTATCCCAATGAGTTGGGGATTCATTTCACTGTTTCTGGCCATACACTGATATGT,none
148,18,NA12878,negative,36060904,36061005,36060904,36061005,60,75M1D26M,R:1;M:75;D:1;M:26,TTGTAATTAAATTTGAAATTTTAAAATGTCCAGTGCAACTTATTTATCCCAATGAGTTGGGGATTCATTTCACTGTTTCTGGCCATACACTGATATGTCCA,none
149,19,NA12878,positive,36060907,36061007,36060907,36061007,60,101M,M:101;F:1,TAATTAAATTTGAAATTTTAAAATGTCCAGTGCAACTTATTTATCCCAATGAGTTGGGGATTCATTTCACTGTTTTCTGGCCATACACTGATATGTCCAGC,none
150,20,NA12878,negative,36060909,36061009,36060909,36061009,60,101M,R:1;M:101,ATTAAATTTGAAATTTTAAAATGTCCAGTGCAACTTATTTATCCCAATGAGTTGGGGATTCATTTCACTGTTTTCTGGCCATACACTGATATGTCCAGCTG,none
151,21,NA12878,positive,36060910,36061006,36060910,36061011,60,69M1D27M5S,M:69;D:1;M:27;S:5;F:1,TTAAATTTGAAATTTTAAAATGTCCAGTGCAACTTATTTATCCCAATGAGTTGGGGATTCATTTCACTGTTTCTGGCCATACACTGATATGTCCAGCTGGA,none
152,22,NA12878,negative,36060910,36061010,36060910,36061010,60,101M,R:1;M:101,TTAAATTTGAAATTTTAAAATGTCCAGTGCAACTTATTTATCCCAATGAGTTGGGGATTCATTTCACTGTTTTCTGGCCATACACTGATATGTCCAGCTGG,none
153,23,NA12878,negative,36060910,36061011,36060910,36061011,60,69M1D32M,R:1;M:69;D:1;M:32,TTAAATTTGAAATTTTAAAATGTCCAGTGCAACTTATTTATCCCAATGAGTTGGGGATTCATTTCACTGTTTCTGGCCATACACTGATATGTCCAGCTGGA,none
154,24,NA12878,negative,36060910,36061010,36060910,36061010,60,101M,R:1;M:101,TTAAATTTGAAATTTTAAAATGTCCAGTGCAACTTATTTATCCCAATGAGTTGGGGATTCATTTCACTGTTTTCTGGCCATACACTGATATGTCCAGCTGG,none
155,25,NA12878,positive,36060912,36061012,36060912,36061012,60,101M,M:101;F:1,AAATTTGAAATTTTAAAATGTCCAGTGCAACTTATTTATCCCAATGAGTTGGGGATTCATTTCACTGTTTTCTGGCCATACACTGATATGTCCAGCTGGAC,none
156,26,NA12878,negative,36060912,36061013,36060912,36061013,60,67M1D34M,R:1;M:67;D:1;M:34,AAATTTGAAATTTTAAAATGTCCAGTGCAACTTATTTATCCCAATGAGTTGGGGATTCATTTCACTGTTTCTGGCCATACACTGATATGTCCAGCTGGACC,none
157,27,NA12878,negative,36060914,36061015,36060914,36061015,37,65M1D36M,R:1;M:65;D:1;M:36,ATTTGAAATTTTAAAATGTCCAGTGCAACTTATTTATCCCAATGAGTTGGGGATTCATTTCACTGTTTCTGGCCATACACTGATATGTCCAGCTGGACCAG,none
158,28,NA12878,positive,36060915,36060980,36060915,36061015,60,66M35S,M:66;S:35;F:1,TTTGAAATTTTAAAATGTCCAGTGCAACTTATTTATCCCAATGAGTTGGGGATTCATTTCACTGTTTTCTGGCCATACACTGATATGTCCAGCTGGACCAG,none
159,29,NA12878,positive,36060918,36061019,36060918,36061019,60,61M1D40M,M:61;D:1;M:40;F:1,GAAATTTTAAAATGTCCAGTGCAACTTATTTATCCCAATGAGTTGGGGATTCATTTCACTGTTTCTGGCCATACACTGATATGTCCAGCTGGACCAGGAGG,none
160,30,NA12878,negative,36060918,36061018,36060918,36061018,60,101M,R:1;M:101,GAAATTTTAAAATGTCCAGTGCAACTTATTTATCCCAATGAGTTGGGGATTCATTTCACTGTTTTCTGGCCATACACTGATATGTCCAGCTGGACCAGGAG,none
161,31,NA12878,positive,36060919,36061020,36060919,36061020,60,60M1D41M,M:60;D:1;M:41;F:1,AAATTTTAAAATGTCCAGTGCAACTTATTTATCCCAATGAGTTGGGGATTCATTTCACTGTTTCTGGCCATACACTGATATGTCCAGCTGGACCAGGAGGG,none
162,32,NA12878,positive,36060919,36061020,36060919,36061020,60,60M1D41M,M:60;D:1;M:41;F:1,AAATTTTAAAATGTCCAGTGCAACTTATTTATCCCAATGAGTTGGGGATTCATTTCACTGTTTCTGGCCATACACTGATATGTCCAGCTGGACTAGGAGGG,T:36061013
163,33,NA12878,negative,36060921,36061022,36060921,36061022,60,58M1D43M,R:1;M:58;D:1;M:43,ATTTTAAAATGTCCAGTGCAACTTATTTATCCCAATGAGTTGGGGATTCATTTCACTGTTTCTGGCCATACACTGATATGTCCAGCTGGACCAGGAGGGAG,none
164,34,NA12878,negative,36060922,36061023,36060922,36061023,60,57M1D44M,R:1;M:57;D:1;M:44,TTTTAAAATGTCCAGTGCAACTTATTTATCCCAATGAGTTGGGGATTCATTTCACTGTTTCTGGCCATACACTGATATGTCCAGCTGGACCAGGAGGGAGA,none
165,35,NA12878,positive,36060925,36061025,36060925,36061025,37,101M,M:101;F:1,TAAAATGTCCAGTGCAACTTATTTATCCCAATGAGTTGGGGATTCATTTCACTGTTTTCTGGCCATACACTGATATGTCCAGCTAGACCAGGAGGGAGAGG,A:36061009
166,36,NA12878,positive,36060927,36061028,36060927,36061028,60,52M1D49M,M:52;D:1;M:49;F:1,AAATGTCCAGTGCAACTTATTTATCCCAATGAGTTGGGGATTCATTTCACTGTTTCTGGCCATACACTGATATGTCCAGCTGGACCAGGAGGGAGAGGGTG,none
167,37,NA12878,positive,36060930,36061030,36060930,36061030,60,101M,M:101;F:1,TGTCCAGTGCAACTTATTTATCCCAATGAGTTGGGGATTCATTTCACTGTTTTCTGGCCATACACTGATATGTCCAGCTGGACCAGGAGGGAGAGGGTGTT,none
168,38,NA12878,negative,36060931,36061021,36060921,36061021,60,10S91M,R:1;S:10;M:91,ATTTTAAAATGTCCAGTGCAACGTCTTTATCCCAATGAGTTGGGGATTCATTTCACTGTTTTCTGGCCATACACTGATATGTCCAGCTGGACCAGGAGGGA,G:36060943;C:36060945
169,39,NA12878,negative,36060934,36061034,36060934,36061034,60,101M,R:1;M:101,CAGTGCAACTTATTTATCCCAATGAGTTGGGGATTCATTTCACTGTTTTCTGGCCATACACTGATATGTCCAGCTGGACCAGGAGGGAGAGGGTGTTTTTG,none
170,40,NA12878,negative,36060934,36061035,36060934,36061035,60,45M1D56M,R:1;M:45;D:1;M:56,CAGTGCAACTTATTTATCCCAATGAGTTGGGGATTCATTTCACTGTTTCTGGCCATACACTGATATGTCCAGCTGGACCAGGAGGGAGAGGGTGTTTTTGC,none
171,41,NA12878,negative,36060939,36061030,36060930,36061030,60,9S92M,R:1;S:9;M:92,TGTCCAGTGCAACTTATTTATCCCAATGAGTTGGGGATTCATTTCACTGTTTTCTGGCCATACACTGATATGTCCAGTTGGACCAGGAGGGAGAGGGTGTT,T:36061007
172,42,NA12878,positive,36060940,36061040,36060940,36061040,60,101M,M:101;F:1,AACTTATTTATCCCAATGAGTTGGGGATTCATTTCACTGTTTTCTGGCCATACACTGATATGTCCAGCTGGACCAGGAGGGAGAGGGTGTTTTTGCTGGCA,none
173,43,NA12878,positive,36060941,36061014,36060941,36061041,60,74M27S,M:74;S:27;F:1,ACTTATTTATCCCAATGAGTTGGGGGTTCATTTCACTGTTTTCTGGCCATACACTGATATGTCCAGCTGGACCAGGAGGGAGAGGGTGTTTTGGCGGGCAA,G:36060966
174,44,NA12878,positive,36060942,36061043,36060942,36061043,60,37M1D64M,M:37;D:1;M:64;F:1,CTTATTTATCCCAATGAGTTGGGGATTCATTTCACTGTTTCTGGCCATACACTGATATGTCCAGCTGGACCAGGAGGGAGAGGGGGTTTTTGCTGGCAAAG,G:36061027
175,45,NA12878,negative,36060942,36061042,36060942,36061042,60,101M,R:1;M:101,CTTATTTATCCCAATGAGTTGGGGATTCATTTCACTGTTTTCTGGCCATACACTGATATGTCCAGCTGGACCAGGAGGGAGAGGGTGTTTTTGCTGGCAAA,none
176,46,NA12878,positive,36060943,36061043,36060943,36061043,60,101M,M:101;F:1,TTATTTATCCCAATGAGTTGGGGATTCATTTCACTGTTTTCTGGCCATACACTGATATGTCCAGCTGGACCAGGAGGGAGAGGGTGTTTTTGCTGGCAAAG,none
177,47,NA12878,positive,36060943,36061043,36060943,36061043,60,101M,M:101;F:1,TTATTTATCCCAATGAGTTGGGGATTCATTTCACTGTTTTCTGGCCATACACTGATATGTCCAGCTGGACCAGGAGGGAGAGGGTGTTTTTGCTGGCAAAG,none
178,48,NA12878,positive,36060944,36061045,36060944,36061045,60,35M1D66M,M:35;D:1;M:66;F:1,TATTTATCCCAATGAGTTGGGGATTCATTTCACTGTTTCTGGCCATACACTGATATGGCCAGCTGGACCAGGAGGGAGAGGGTGTTTTTGCTGGCAAAGGG,G:36061002
179,49,NA12878,positive,36060945,36061000,36060945,36061046,60,34M1D21M46S,M:34;D:1;M:21;S:46;F:1,ATTTATCCCAATGAGTTGGGGATTCATTTCACTGTTTCTGGCCATACACTGATATGTCCAGCTGGACCAGGTGGGAGAGGGTGATTTTCCTGGCAGAGGGC,none
180,50,NA12878,positive,36060946,36061026,36060946,36061046,60,81M20S,M:81;S:20;F:1,TTTATCCCAATGAGTTGGGGATTCATTTCACTGTTTTCTGGCCATACACTGATATGTCCAGCTGGACCAGGAGGGAGAGGGTGTTTTTGCTGGCAAAGGGC,none
181,51,NA12878,negative,36060946,36061046,36060946,36061046,60,101M,R:1;M:101,TTTATCCCAATGAGTTGGGGATTCATTTCACTGTTTTCTGGCCATACACTGATATGTCCAGCTGGACCAGGAGGGAGAGGGTGTTTTTGCTGGCAAAGGGC,none
182,52,NA12878,positive,36060948,36061048,36060948,36061048,60,101M,M:101;F:1,TATCCCAATGAGTTGGGGATTCATTTCACTGTTTTCTGGCCATACACTGATATGTCCAGCTGGACCAGGAGGGAGAGGGTGTTTTTGCTGGCAAAGGGCTG,none
183,53,NA12878,positive,36060948,36061048,36060948,36061048,60,101M,M:101;F:1,TATCCCAATGAGTTGGGGATTCATTTCACTGTTTTCTGGCCATACACTGATATGTCCAGCTGGACCAGGAGGGAGAGGGTGTTTTTGCTGGCAAAGGGCTG,none
184,54,NA12878,negative,36060948,36061026,36060926,36061026,60,22S79M,R:1;S:22;M:79,AAAATGTCCAGTGCAACTTATTTATCCCAATGAGTTGGGGATTCATTTCACTGTTTTCTGGCCATACACTGATATGTCCAGCTGGACCAGGAGGGAGAGGG,none
185,55,NA12878,negative,36060949,36061050,36060949,36061050,60,30M1D71M,R:1;M:30;D:1;M:71,ATCCCAATGAGTTGGGGATTCATTTCACTGTTTCTGGCCATACACTGATATGTCCAGCTGGACCAGGAGGGAGAGGGTGTTTTTGCTGGCAAAGGGCTGTG,none
186,56,NA12878,negative,36060949,36061049,36060949,36061049,60,101M,R:1;M:101,ATCCCAATGAGTTGGGGATTCATTTCACTGTTTTCTGGCCATACACTGATATGTCCAGCTGGACCAGGAGGGAGAGGGTGTTTTTGCTGGCAAAGGGCTGT,none
187,57,NA12878,negative,36060949,36061050,36060949,36061050,60,30M1D71M,R:1;M:30;D:1;M:71,ATCCCAATGAGTTGGGGATTCATTTCACTGTTTCTGGCCATACACTGATATGTCCAGCTGGACCAGGAGGGAGAGGGTGTTTTTGCTGGCAAAGGGCTGTG,none
188,58,NA12878,positive,36060952,36061017,36060952,36061052,60,66M35S,M:66;S:35;F:1,CCAATGAGTTGGGGATTCATTTCACTGTTTTCTGGCCATACACTGATATGTCCAGCTGGACCAGGAGGGAGAGGGTGTTTTTGCTGGCAAAGGGCTGTGGG,none
189,59,NA12878,positive,36060956,36061056,36060956,36061056,60,101M,M:101;F:1,TGAGTTGGGGATTCATTTCACTGTTTTCTGGCCATACACTGATATGTCCAGCTGGACCAGGAGGGAGAGGGTGTTTTTGCTGGCAAAGGGCTGTGGGTGGG,none
190,60,NA12878,negative,36060957,36061057,36060957,36061057,60,101M,R:1;M:101,GAGTTGGGGATTCATTTCACTGTTTTCTGGCCATACACTGATATGTCCAGCTGGACCAGGAGGGAGAGGGTGTTTTTGCTGGCAAAGGGCTGTGGGTGGGT,none
191,61,NA12878,positive,36060958,36061041,36060958,36061059,60,21M1D62M18S,M:21;D:1;M:62;S:18;F:1,AGTTGGGGATTCATTTCACTGTTTCTGGCCATACACTGATATGTCCAGCTGGACCAGGAGGGAGGGGGTGTTTTTGCTGGCAAAGGGCTGTGGGAGGGTTG,G:36061023
192,62,NA12878,positive,36060960,36061048,36060960,36061061,60,19M1D69M13S,M:19;D:1;M:69;S:13;F:1,TTGGGGATTCATTTCACTGTTTCTGGCCATACACTGATATGTCCAGCTGGACCAGGAGGGAGAGGGTGTTTTTGCTGGCAAAGGGCTGTGGGGGGGGTGGG,none
193,63,NA12878,negative,36060962,36061063,36060962,36061063,60,17M1D84M,R:1;M:17;D:1;M:84,GGGGATTCATTTCACTGTTTCTGGCCATACACTGATATGTCCAGCTGGACCAGGAGGGAGAGGGTGTTTTTGCTGGCAAAGGGCTGTGGGTGGGTTGGGAG,none
194,64,NA12878,negative,36060962,36061063,36060962,36061063,60,17M1D84M,R:1;M:17;D:1;M:84,GGGGATTCATTTCACTGTTTCTGGCCATACACTGATATGTCCAGCTGGACCAGGAGGGAGAGGGTGTTTTTGCTGGCAAAGGGCTGTGGGTGGGTTGGGAG,none
195,65,NA12878,positive,36060964,36061065,36060964,36061065,60,15M1D86M,M:15;D:1;M:86;F:1,GGATTCATTTCACTGTTTCTGGCCATACACTGATATGTCCAGCTGGACCAGGAGGGAGAGGGTGTTTTTGCTGGCAAAGGGCTGTGGGTGGGTTGGGAGGG,none
196,66,NA12878,positive,36060964,36061064,36060964,36061064,60,101M,M:101;F:1,GGATTCATTTCACTGTTTTCTGGCCATACACTGATATGTCCAGCTGGACCAGGAGGGAGAGGGTGTTTTTGCTGGCAAAGGGCTGTGGGTGGGTTGGGAGG,none
197,67,NA12878,positive,36060964,36061064,36060964,36061064,60,101M,M:101;F:1,GGATTCATTTCACTGTTTTCTGGCCATACACTGATATGTCCAGCTGGACCAGGAGGGAGAGGGTGTTTTTGCTGGCAAAGGGCTGTGGGTGGGTTGGGAGG,none
198,68,NA12878,positive,36060964,36061064,36060964,36061064,60,101M,M:101;F:1,GGATTCATTTCACTGTTTTCTGGCCATACACTGATATGTCCAGCTGGACCAGGAGGGAGAGGGTGTTTTTGCTGGCAAAGGGCTGTGGGTGGGTTGGGAGG,none
199,69,NA12878,positive,36060964,36061064,36060964,36061064,60,101M,M:101;F:1,GGATTCATTTCACTGTTTTCTGGCCATACACTGATATGTCCAGCTGGACCAGGAGGGAGAGGGTGTTTTTGCTGGCAAAGGGCTGTGGGTGGGTTGGGAGG,none
200,70,NA12878,negative,36060964,36061065,36060964,36061065,60,15M1D86M,R:1;M:15;D:1;M:86,GGATTCATTTCACTGTTTCTGGCCATACACTGATATGTCCAGCTGGACCAGGAGGGAGAGGGTGTTTTTGCTGGCAAAGGGCTGTGGGTGGGTTGGGAGGG,none
201,71,NA12878,positive,36060965,36061060,36060965,36061065,60,96M5S,M:96;S:5;F:1,GATTCATTTCACTGTTTTCTGGCCATACACTGATATGTCCAGCTGGACCAGGAGGGAGAGGGTGTTTTTGCTGGCAAAGGGCTGTGGGTGGGTTGGGGGGG,none
202,72,NA12878,positive,36060966,36061065,36060966,36061067,60,13M1D86M2S,M:13;D:1;M:86;S:2;F:1,ATTCATTTCACTGTTTCTGGCCATACACTGATATGTCCAGCTGGACCAGGAGGGAGAGGGTGTTTTTGCTGGCAAAGGGCTGTGGGTGGGTTGGGGGGGGA,G:36061062
203,73,NA12878,negative,36060968,36061063,36060962,36061063,60,6S11M1D84M,R:1;S:6;M:11;D:1;M:84,GGAGATTCATTTCTCTGTTTCTGGCCATACACTGATATGTCCAGCTGGACCAGGAGGGAGAGGGTGTTTTTGCTGGCAAAGGGCTGTGGGTGGGTTGGGAG,T:36060975
204,74,NA12878,negative,36060968,36061068,36060968,36061068,60,101M,R:1;M:101,TCATTTCACTGTTTTCTGGCCATACACTGATATGTCCAGCTGGACCAGGAGGGAGAGGGTGTTTTTGCTGGCAAAGGGCTGTGGGTGGGTTGGGAGGGAAG,none
205,75,NA12878,positive,36060970,36061070,36060970,36061070,60,101M,M:101;F:1,ATTTCACTGTTTTCTGGCCATACACTGATATGTCCAGCTGGACCAGGAGGGAGAGGGTGTTTTTGCTGGCAAAGGGCTGTGGGTGGGTTGGGAGGGAAGAA,none
206,76,NA12878,positive,36060971,36061071,36060971,36061071,60,101M,M:101;F:1,TTTCACTGTTTTCTGGCCATACACTGATATGTCCAGCTGGACCAGGAGGGAGAGGGTGTTTTTGCTGGCAAAGGGCTGTGGGTGGGTTGGGAGGGAAGAAA,none
207,77,NA12878,positive,36060972,36061073,36060972,36061073,60,7M1D94M,M:7;D:1;M:94;F:1,TTCACTGTTTCTGGCCATACACTGATATGTCCAGCTGGACCAGGAGGGAGAGGGTGTTTTTGCTGGCAAAGGGCTGTGGGTGGGTTGGGAGGGAAGAAAGG,none
208,78,NA12878,positive,36060973,36061073,36060973,36061073,60,101M,M:101;F:1,TCACTGTTTTCTGGCCATACACTGATATGTCCAGCTGGACCAGGAGGGAGAGGGTGTTTTTGCTGGCAAAGGGCTGTGGGTGGGTTGGGAGGGAAGAAAGG,none
209,79,NA12878,positive,36060973,36061073,36060973,36061074,60,6M1D94M1S,M:6;D:1;M:94;S:1;F:1,TCACTGTTTCTGGCCATACACTGATATGTCCAGCTGGACCAGGAGGGAGAGGGTGTTTTTGCTGGCAAAGGGCTGTGGGTGGGTTGGGAGGGAAGAAAGGT,none
210,80,NA12878,negative,36060975,36061040,36060940,36061040,60,35S66M,R:1;S:35;M:66,AACTTATTTGTCCCAATGAGTTGGGGATTCATTTCACTGTTTTCTGGCCATACACTGATATGTCCAGCTGGACCAGGAGGGAGAGGGTGTTTTTGCTGGCA,none
211,81,NA12878,positive,36060976,36061076,36060976,36061077,60,3M1D97M1S,M:3;D:1;M:97;S:1;F:1,CTGTTTCTGGCCATACACTGATATGTCCAGCTGGACCAGGAGGGAGAGGGTGTTTTTGCTGGCAAAGGGCTGTGGGTGGGTTGGGAGGGAAGAAAGGTGTG,none
212,82,NA12878,negative,36060977,36061072,36060972,36061072,60,5S96M,R:1;S:5;M:96,TTCACTGTTTTCTGGCCATACACTGATATGTCCAGCTGGACCAGGAGGGAGAGGGTGTTTTTGCTGGCAAAGGGCTGTGGGTGGGTTGGGAGGGAAGAAAG,none
